archivo,clase,ancho,alto
pantalla_azul_bsod/pantalla_azul_bsod_001.png,pantalla_azul_bsod,1920,1080
pantalla_azul_bsod/pantalla_azul_bsod_002.png,pantalla_azul_bsod,1600,900
pantalla_azul_bsod/pantalla_azul_bsod_003.png,pantalla_azul_bsod,1280,720
pantalla_azul_bsod/pantalla_azul_bsod_004.png,pantalla_azul_bsod,958,766
pantalla_azul_bsod/pantalla_azul_bsod_005.png,pantalla_azul_bsod,1440,900
pantalla_azul_bsod/pantalla_azul_bsod_006.png,pantalla_azul_bsod,1280,720
pantalla_azul_bsod/pantalla_azul_bsod_007.png,pantalla_azul_bsod,1920,1080
pantalla_azul_bsod/pantalla_azul_bsod_008.png,pantalla_azul_bsod,1440,900
pantalla_azul_bsod/pantalla_azul_bsod_009.jpg,pantalla_azul_bsod,1280,1024
pantalla_azul_bsod/pantalla_azul_bsod_010.png,pantalla_azul_bsod,1440,900
pantalla_azul_bsod/pantalla_azul_bsod_011.jpg,pantalla_azul_bsod,1280,720
pantalla_azul_bsod/pantalla_azul_bsod_012.png,pantalla_azul_bsod,787,590
pantalla_azul_bsod/pantalla_azul_bsod_013.jpg,pantalla_azul_bsod,1280,720
pantalla_azul_bsod/pantalla_azul_bsod_014.jpg,pantalla_azul_bsod,1600,900
pantalla_azul_bsod/pantalla_azul_bsod_015.png,pantalla_azul_bsod,1280,720
pantalla_azul_bsod/pantalla_azul_bsod_016.png,pantalla_azul_bsod,1920,1080
pantalla_azul_bsod/pantalla_azul_bsod_017.png,pantalla_azul_bsod,1258,708
pantalla_azul_bsod/pantalla_azul_bsod_018.png,pantalla_azul_bsod,1920,1080
pantalla_azul_bsod/pantalla_azul_bsod_019.jpg,pantalla_azul_bsod,1700,956
pantalla_azul_bsod/pantalla_azul_bsod_020.png,pantalla_azul_bsod,1280,1024
pantalla_azul_bsod/pantalla_azul_bsod_021.png,pantalla_azul_bsod,1024,768
pantalla_azul_bsod/pantalla_azul_bsod_022.jpg,pantalla_azul_bsod,2560,1440
pantalla_azul_bsod/pantalla_azul_bsod_023.png,pantalla_azul_bsod,1280,1024
pantalla_azul_bsod/pantalla_azul_bsod_024.jpg,pantalla_azul_bsod,1920,1080
pantalla_azul_bsod/pantalla_azul_bsod_025.png,pantalla_azul_bsod,1024,768
pantalla_azul_bsod/pantalla_azul_bsod_026.jpg,pantalla_azul_bsod,1280,1024
pantalla_azul_bsod/pantalla_azul_bsod_027.png,pantalla_azul_bsod,2103,1183
pantalla_azul_bsod/pantalla_azul_bsod_028.png,pantalla_azul_bsod,1920,1080
pantalla_azul_bsod/pantalla_azul_bsod_029.png,pantalla_azul_bsod,1366,768
pantalla_azul_bsod/pantalla_azul_bsod_030.png,pantalla_azul_bsod,1280,1024
pantalla_azul_bsod/pantalla_azul_bsod_031.jpg,pantalla_azul_bsod,2560,1440
pantalla_azul_bsod/pantalla_azul_bsod_032.jpg,pantalla_azul_bsod,2560,1440
pantalla_azul_bsod/pantalla_azul_bsod_033.png,pantalla_azul_bsod,1024,768
pantalla_azul_bsod/pantalla_azul_bsod_034.png,pantalla_azul_bsod,2303,1295
pantalla_azul_bsod/pantalla_azul_bsod_035.png,pantalla_azul_bsod,1280,720
pantalla_azul_bsod/pantalla_azul_bsod_036.png,pantalla_azul_bsod,1135,638
pantalla_azul_bsod/pantalla_azul_bsod_037.png,pantalla_azul_bsod,1024,768
pantalla_azul_bsod/pantalla_azul_bsod_038.png,pantalla_azul_bsod,1089,612
pantalla_azul_bsod/pantalla_azul_bsod_039.png,pantalla_azul_bsod,1024,768
pantalla_azul_bsod/pantalla_azul_bsod_040.png,pantalla_azul_bsod,1280,1024
red_desconectada/red_desconectada_001.jpg,red_desconectada,1920,1080
red_desconectada/red_desconectada_002.png,red_desconectada,1280,720
red_desconectada/red_desconectada_003.jpg,red_desconectada,1259,708
red_desconectada/red_desconectada_004.png,red_desconectada,1280,720
red_desconectada/red_desconectada_005.png,red_desconectada,401,186
red_desconectada/red_desconectada_006.png,red_desconectada,1110,624
red_desconectada/red_desconectada_007.jpg,red_desconectada,882,662
red_desconectada/red_desconectada_008.png,red_desconectada,707,324
red_desconectada/red_desconectada_009.png,red_desconectada,345,237
red_desconectada/red_desconectada_010.png,red_desconectada,1366,768
red_desconectada/red_desconectada_011.png,red_desconectada,1106,884
red_desconectada/red_desconectada_012.png,red_desconectada,1440,900
red_desconectada/red_desconectada_013.png,red_desconectada,494,252
red_desconectada/red_desconectada_014.png,red_desconectada,2560,1440
red_desconectada/red_desconectada_015.png,red_desconectada,889,556
red_desconectada/red_desconectada_016.jpg,red_desconectada,903,368
red_desconectada/red_desconectada_017.png,red_desconectada,1024,768
red_desconectada/red_desconectada_018.png,red_desconectada,1024,768
red_desconectada/red_desconectada_019.png,red_desconectada,849,369
red_desconectada/red_desconectada_020.png,red_desconectada,1366,768
red_desconectada/red_desconectada_021.png,red_desconectada,1600,900
red_desconectada/red_desconectada_022.png,red_desconectada,967,544
red_desconectada/red_desconectada_023.png,red_desconectada,645,418
red_desconectada/red_desconectada_024.png,red_desconectada,1024,768
red_desconectada/red_desconectada_025.jpg,red_desconectada,1600,900
red_desconectada/red_desconectada_026.png,red_desconectada,771,216
red_desconectada/red_desconectada_027.png,red_desconectada,892,307
red_desconectada/red_desconectada_028.jpg,red_desconectada,620,120
red_desconectada/red_desconectada_029.jpg,red_desconectada,998,362
red_desconectada/red_desconectada_030.png,red_desconectada,1366,768
red_desconectada/red_desconectada_031.png,red_desconectada,650,251
red_desconectada/red_desconectada_032.png,red_desconectada,1024,768
red_desconectada/red_desconectada_033.png,red_desconectada,458,275
red_desconectada/red_desconectada_034.png,red_desconectada,961,601
red_desconectada/red_desconectada_035.png,red_desconectada,1280,1024
red_desconectada/red_desconectada_036.png,red_desconectada,752,172
red_desconectada/red_desconectada_037.jpg,red_desconectada,1193,745
red_desconectada/red_desconectada_038.png,red_desconectada,2560,1440
red_desconectada/red_desconectada_039.png,red_desconectada,876,290
red_desconectada/red_desconectada_040.png,red_desconectada,1075,438
disco_lleno/disco_lleno_001.png,disco_lleno,1088,611
disco_lleno/disco_lleno_002.png,disco_lleno,1280,720
disco_lleno/disco_lleno_003.png,disco_lleno,2560,1440
disco_lleno/disco_lleno_004.png,disco_lleno,1280,1024
disco_lleno/disco_lleno_005.png,disco_lleno,1440,900
disco_lleno/disco_lleno_006.png,disco_lleno,2560,1440
disco_lleno/disco_lleno_007.png,disco_lleno,1280,1024
disco_lleno/disco_lleno_008.png,disco_lleno,1024,768
disco_lleno/disco_lleno_009.png,disco_lleno,1440,900
disco_lleno/disco_lleno_010.png,disco_lleno,1280,720
disco_lleno/disco_lleno_011.png,disco_lleno,1366,768
disco_lleno/disco_lleno_012.png,disco_lleno,1591,895
disco_lleno/disco_lleno_013.jpg,disco_lleno,1024,768
disco_lleno/disco_lleno_014.png,disco_lleno,2560,1440
disco_lleno/disco_lleno_015.png,disco_lleno,1280,720
disco_lleno/disco_lleno_016.png,disco_lleno,1366,768
disco_lleno/disco_lleno_017.png,disco_lleno,2560,1440
disco_lleno/disco_lleno_018.jpg,disco_lleno,1024,768
disco_lleno/disco_lleno_019.jpg,disco_lleno,973,547
disco_lleno/disco_lleno_020.png,disco_lleno,781,624
disco_lleno/disco_lleno_021.png,disco_lleno,1024,768
disco_lleno/disco_lleno_022.png,disco_lleno,1132,636
disco_lleno/disco_lleno_023.png,disco_lleno,1053,842
disco_lleno/disco_lleno_024.png,disco_lleno,1920,1080
disco_lleno/disco_lleno_025.png,disco_lleno,881,495
disco_lleno/disco_lleno_026.jpg,disco_lleno,1024,768
disco_lleno/disco_lleno_027.png,disco_lleno,1024,768
disco_lleno/disco_lleno_028.png,disco_lleno,1920,1080
disco_lleno/disco_lleno_029.png,disco_lleno,1920,1080
disco_lleno/disco_lleno_030.png,disco_lleno,2560,1440
disco_lleno/disco_lleno_031.jpg,disco_lleno,1280,1024
disco_lleno/disco_lleno_032.png,disco_lleno,1440,900
disco_lleno/disco_lleno_033.png,disco_lleno,1366,768
disco_lleno/disco_lleno_034.png,disco_lleno,1600,900
disco_lleno/disco_lleno_035.jpg,disco_lleno,1280,1024
disco_lleno/disco_lleno_036.png,disco_lleno,1366,768
disco_lleno/disco_lleno_037.jpg,disco_lleno,1024,768
disco_lleno/disco_lleno_038.png,disco_lleno,1600,900
disco_lleno/disco_lleno_039.png,disco_lleno,2167,1219
disco_lleno/disco_lleno_040.jpg,disco_lleno,1600,900
error_aplicacion_crash/error_aplicacion_crash_001.png,error_aplicacion_crash,1600,900
error_aplicacion_crash/error_aplicacion_crash_002.png,error_aplicacion_crash,1366,768
error_aplicacion_crash/error_aplicacion_crash_003.png,error_aplicacion_crash,1600,900
error_aplicacion_crash/error_aplicacion_crash_004.jpg,error_aplicacion_crash,642,481
error_aplicacion_crash/error_aplicacion_crash_005.png,error_aplicacion_crash,1366,768
error_aplicacion_crash/error_aplicacion_crash_006.jpg,error_aplicacion_crash,1280,1024
error_aplicacion_crash/error_aplicacion_crash_007.png,error_aplicacion_crash,1366,768
error_aplicacion_crash/error_aplicacion_crash_008.jpg,error_aplicacion_crash,1857,1044
error_aplicacion_crash/error_aplicacion_crash_009.png,error_aplicacion_crash,880,495
error_aplicacion_crash/error_aplicacion_crash_010.png,error_aplicacion_crash,1280,1024
error_aplicacion_crash/error_aplicacion_crash_011.png,error_aplicacion_crash,1280,720
error_aplicacion_crash/error_aplicacion_crash_012.png,error_aplicacion_crash,1440,900
error_aplicacion_crash/error_aplicacion_crash_013.png,error_aplicacion_crash,1219,686
error_aplicacion_crash/error_aplicacion_crash_014.jpg,error_aplicacion_crash,1205,677
error_aplicacion_crash/error_aplicacion_crash_015.png,error_aplicacion_crash,1119,629
error_aplicacion_crash/error_aplicacion_crash_016.jpg,error_aplicacion_crash,1366,768
error_aplicacion_crash/error_aplicacion_crash_017.png,error_aplicacion_crash,1600,900
error_aplicacion_crash/error_aplicacion_crash_018.png,error_aplicacion_crash,1920,1080
error_aplicacion_crash/error_aplicacion_crash_019.png,error_aplicacion_crash,1450,815
error_aplicacion_crash/error_aplicacion_crash_020.jpg,error_aplicacion_crash,881,660
error_aplicacion_crash/error_aplicacion_crash_021.jpg,error_aplicacion_crash,1222,687
error_aplicacion_crash/error_aplicacion_crash_022.png,error_aplicacion_crash,1600,900
error_aplicacion_crash/error_aplicacion_crash_023.png,error_aplicacion_crash,1310,737
error_aplicacion_crash/error_aplicacion_crash_024.png,error_aplicacion_crash,1024,768
error_aplicacion_crash/error_aplicacion_crash_025.png,error_aplicacion_crash,909,727
error_aplicacion_crash/error_aplicacion_crash_026.png,error_aplicacion_crash,1161,653
error_aplicacion_crash/error_aplicacion_crash_027.jpg,error_aplicacion_crash,902,507
error_aplicacion_crash/error_aplicacion_crash_028.png,error_aplicacion_crash,1280,720
error_aplicacion_crash/error_aplicacion_crash_029.png,error_aplicacion_crash,1280,1024
error_aplicacion_crash/error_aplicacion_crash_030.jpg,error_aplicacion_crash,1024,768
error_aplicacion_crash/error_aplicacion_crash_031.jpg,error_aplicacion_crash,1462,822
error_aplicacion_crash/error_aplicacion_crash_032.jpg,error_aplicacion_crash,1421,799
error_aplicacion_crash/error_aplicacion_crash_033.png,error_aplicacion_crash,1920,1080
error_aplicacion_crash/error_aplicacion_crash_034.png,error_aplicacion_crash,1366,768
error_aplicacion_crash/error_aplicacion_crash_035.png,error_aplicacion_crash,1280,1024
error_aplicacion_crash/error_aplicacion_crash_036.png,error_aplicacion_crash,1280,1024
error_aplicacion_crash/error_aplicacion_crash_037.png,error_aplicacion_crash,1600,900
error_aplicacion_crash/error_aplicacion_crash_038.png,error_aplicacion_crash,1024,768
error_aplicacion_crash/error_aplicacion_crash_039.png,error_aplicacion_crash,1440,900
error_aplicacion_crash/error_aplicacion_crash_040.png,error_aplicacion_crash,2071,1165
